[{"pk": 1, "model": "autorepair.carfamily", "fields": {"inomarka": true, "name": "\u0412\u0410\u04172110-12"}}, {"pk": 2, "model": "autorepair.carfamily", "fields": {"inomarka": true, "name": "Hyunday SonatA"}}, {"pk": 1, "model": "autorepair.carpart", "fields": {"name": "\u0410\u043a\u043a\u0443\u043c\u0443\u043b\u044f\u0442\u043e\u0440\u043d\u0430\u044f \u0431\u0430\u0442\u0430\u0440\u0435\u044f"}}, {"pk": 26, "model": "autorepair.carpart", "fields": {"name": "\u0411\u043b\u043e\u043a \u0446\u0438\u043b\u0438\u043d\u0434\u0440\u043e\u0432 \u0434\u0432\u0438\u0433\u0430\u0442\u0435\u043b\u044f"}}, {"pk": 12, "model": "autorepair.carpart", "fields": {"name": "\u0412\u043e\u0437\u0434\u0443\u0448\u043d\u044b\u0439 \u0444\u0438\u043b\u044c\u0442\u0440"}}, {"pk": 20, "model": "autorepair.carpart", "fields": {"name": "\u0412\u044b\u0441\u043e\u043a\u043e\u0432\u043e\u043b\u044c\u0442\u043d\u044b\u0435 \u043f\u0440\u043e\u0432\u043e\u0434\u0430 \u0434\u0432\u0438\u0433\u0430\u0442\u0435\u043b\u0435\u0439"}}, {"pk": 21, "model": "autorepair.carpart", "fields": {"name": "\u0413\u043e\u043b\u043e\u0432\u043a\u0430 \u0431\u043b\u043e\u043a\u0430 \u0446\u0438\u043b\u0438\u043d\u0434\u0440\u043e\u0432"}}, {"pk": 15, "model": "autorepair.carpart", "fields": {"name": "\u0414\u0430\u0442\u0447\u0438\u043a \u0430\u0432\u0430\u0440\u0438\u0439\u043d\u043e\u0433\u043e \u0434\u0430\u0432\u043b\u0435\u043d\u0438\u044f \u043c\u0430\u0441\u043b\u0430 \u0432 \u0434\u0432\u0438\u0433\u0430\u0442\u0435\u043b\u0435"}}, {"pk": 9, "model": "autorepair.carpart", "fields": {"name": "\u0414\u0430\u0442\u0447\u0438\u043a \u043f\u043e\u043b\u043e\u0436\u0435\u043d\u0438\u044f \u043a\u043e\u043b\u0435\u043d\u0447\u0430\u0442\u043e\u0433\u043e \u0432\u0430\u043b\u0430"}}, {"pk": 10, "model": "autorepair.carpart", "fields": {"name": "\u0414\u0430\u0442\u0447\u0438\u043a \u0442\u0435\u043c\u043f\u0435\u0440\u0430\u0442\u0443\u0440\u044b \u043e\u0445\u043b\u0430\u0436\u0434\u0430\u044e\u0449\u0435\u0439 \u0436\u0438\u0434\u043a\u043e\u0441\u0442\u0438"}}, {"pk": 3, "model": "autorepair.carpart", "fields": {"name": "\u0417\u0430\u043c\u043e\u043a \u0437\u0430\u0436\u0438\u0433\u0430\u043d\u0438\u044f"}}, {"pk": 16, "model": "autorepair.carpart", "fields": {"name": "\u041a\u0440\u044b\u0448\u043a\u0430 \u0433\u043e\u043b\u043e\u0432\u043a\u0438 \u0431\u043b\u043e\u043a\u0430 \u0446\u0438\u043b\u0438\u043d\u0434\u0440\u043e\u0432 \u0434\u0432\u0438\u0433\u0430\u0442\u0435\u043b\u0435\u0439"}}, {"pk": 27, "model": "autorepair.carpart", "fields": {"name": "\u041c\u0430\u0441\u043b\u044f\u043d\u044b\u0439 \u043d\u0430\u0441\u043e\u0441"}}, {"pk": 4, "model": "autorepair.carpart", "fields": {"name": "\u041c\u0430\u0445\u043e\u0432\u0438\u043a"}}, {"pk": 8, "model": "autorepair.carpart", "fields": {"name": "\u041c\u043e\u0434\u0443\u043b\u044c \u0437\u0430\u0436\u0438\u0433\u0430\u043d\u0438\u044f \u0434\u0432\u0438\u0433\u0430\u0442\u0435\u043b\u044f"}}, {"pk": 17, "model": "autorepair.carpart", "fields": {"name": "\u041f\u0435\u0440\u0435\u0434\u043d\u0438\u0439 \u0441\u0430\u043b\u044c\u043d\u0438\u043a \u043a\u043e\u043b\u0435\u043d\u0447\u0430\u0442\u043e\u0433\u043e \u0432\u0430\u043b\u0430"}}, {"pk": 14, "model": "autorepair.carpart", "fields": {"name": "\u041f\u043e\u0434\u0434\u043e\u043d \u043a\u0430\u0440\u0442\u0435\u0440\u0430 \u0434\u0432\u0438\u0433\u0430\u0442\u0435\u043b\u044f"}}, {"pk": 18, "model": "autorepair.carpart", "fields": {"name": "\u0420\u0430\u0441\u043f\u0440\u0435\u0434\u0435\u043b\u0438\u0442\u0435\u043b\u044c\u043d\u044b\u0439 \u0432\u0430\u043b \u0434\u0432\u0438\u0433\u0430\u0442\u0435\u043b\u0435\u0439"}}, {"pk": 6, "model": "autorepair.carpart", "fields": {"name": "\u0420\u0435\u043c\u0435\u043d\u044c \u043f\u0440\u0438\u0432\u043e\u0434\u0430 \u0413\u0420\u041c"}}, {"pk": 19, "model": "autorepair.carpart", "fields": {"name": "\u0421\u0432\u0435\u0447\u0438 \u0437\u0430\u0436\u0438\u0433\u0430\u043d\u0438\u044f \u0434\u0432\u0438\u0433\u0430\u0442\u0435\u043b\u0435\u0439"}}, {"pk": 24, "model": "autorepair.carpart", "fields": {"name": "\u0421\u0438\u0441\u0442\u0435\u043c\u0430 \u0432\u044b\u043f\u0443\u0441\u043a\u0430 \u043e\u0442\u0440\u0430\u0431\u043e\u0442\u0430\u0432\u0448\u0438\u0445 \u0433\u0430\u0437\u043e\u0432"}}, {"pk": 5, "model": "autorepair.carpart", "fields": {"name": "\u0421\u0438\u0441\u0442\u0435\u043c\u0430 \u043f\u0438\u0442\u0430\u043d\u0438\u044f"}}, {"pk": 25, "model": "autorepair.carpart", "fields": {"name": "\u0421\u0438\u0441\u0442\u0435\u043c\u0430 \u0441\u043c\u0430\u0437\u043a\u0438"}}, {"pk": 7, "model": "autorepair.carpart", "fields": {"name": "\u0421\u0438\u0441\u0442\u0435\u043c\u0430 \u0443\u043f\u0440\u0430\u0432\u043b\u0435\u043d\u0438\u044f \u0434\u0432\u0438\u0433\u0430\u0442\u0435\u043b\u0435\u043c"}}, {"pk": 2, "model": "autorepair.carpart", "fields": {"name": "\u0421\u0442\u0430\u0440\u0442\u0435\u0440"}}, {"pk": 22, "model": "autorepair.carpart", "fields": {"name": "\u0421\u0446\u0435\u043f\u043b\u0435\u043d\u0438\u0435"}}, {"pk": 13, "model": "autorepair.carpart", "fields": {"name": "\u0422\u043e\u043f\u043b\u0438\u0432\u043d\u0430\u044f \u0440\u0430\u043c\u043f\u0430"}}, {"pk": 23, "model": "autorepair.carpart", "fields": {"name": "\u0422\u043e\u0440\u043c\u043e\u0437\u043d\u0430\u044f \u0441\u0438\u0441\u0442\u0435\u043c\u0430"}}, {"pk": 11, "model": "autorepair.carpart", "fields": {"name": "\u0424\u043e\u0440\u0441\u0443\u043d\u043a\u0438"}}, {"pk": 1, "model": "autorepair.autorepair", "fields": {"about": " \u0421\u0435\u0440\u0432\u0438\u0441 \u0442\u0438\u043f-\u0442\u043e\u043f \u0414\u043e\u0441\u0442\u0443\u043f\u043d\u043e\u0441\u0442\u044c. \u041a\u0430\u0447\u0435\u0441\u0442\u0432\u043e.\u0411\u0430\u043b\u0430\u043d\u0441\u0438\u0440\u043e\u0432\u043a\u0430 \u043a\u043e\u043b\u0435\u0441 http://shinka-tiptop.ru", "name": "Tip-Top \u0421\u0435\u0440\u0432\u0438\u0441", "telephone": "+7 921-976-15-85", "rank": 4.0, "inomarki": true, "russkie": true, "address": "\u0410\u0434\u0440\u0435\u0441: \u0443\u043b. \u041a\u0440\u0436\u0438\u0436\u0430\u043d\u043e\u0432\u0441\u043a\u043e\u0433\u043e, \u0434. 10 \u0412\u0440\u0435\u043c\u044f \u0440\u0430\u0431\u043e\u0442\u044b: \u0441 9:00 \u0434\u043e 23:00"}}, {"pk": 2, "model": "autorepair.autorepair", "fields": {"about": " \u0410\u0412\u0422\u041e\u0421\u0415\u0420\u0412\u0418\u0421 \"\u041d\u043e\u0432\u043e\u0441\u0438\u0431\u0438\u0440\u0441\u043a-\u0410\u0432\u0442\u043e\u044d\u043a\u0441\u043f\u0440\u0435\u0441\u0441-\u0421\" \u043f\u0440\u0435\u0434\u043b\u0430\u0433\u0430\u0435\u0442 \u0412\u0430\u0448\u0435\u043c\u0443 \u0432\u043d\u0438\u043c\u0430\u043d\u0438\u044e: \u0410\u0432\u0442\u043e\u0441\u0435\u0440\u0432\u0438\u0441, \u0440\u0435\u043c\u043e\u043d\u0442 \u0430\u0432\u0442\u043e\u043c\u043e\u0431\u0438\u043b\u0435\u0439 \u041c\u044b \u0440\u0430\u0434\u044b \u0434\u0430\u0440\u0438\u0442\u044c \u0412\u0430\u043c \u043a\u0430\u0447\u0435\u0441\u0442\u0432\u0435\u043d\u043d\u044b\u0439 \u0430\u0432\u0442\u043e\u0441\u0435\u0440\u0432\u0438\u0441 \u0438 \u0441\u043e\u0437\u0434\u0430\u0432\u0430\u0442\u044c \u0445\u043e\u0440\u043e\u0448\u0435\u0435 \u043d\u0430\u0441\u0442\u0440\u043e\u0435\u043d\u0438\u0435. \u041f\u043e\u044d\u0442\u043e\u043c\u0443 \u043c\u044b \u0432\u0441\u0435\u0433\u0434\u0430 \u0433\u043e\u0442\u043e\u0432\u044b \u0432\u043d\u0435\u0441\u0442\u0438 \u043d\u0435\u043e\u0431\u0445\u043e\u0434\u0438\u043c\u044b\u0435 \u0438\u0437\u043c\u0435\u043d\u0435\u043d\u0438\u044f \u0438 \u0434\u043e\u043f\u043e\u043b\u043d\u0435\u043d\u0438\u044f \u0432 \u0441\u043e\u043e\u0442\u0432\u0435\u0442\u0441\u0442\u0432\u0438\u0438 \u0441 \u0412\u0430\u0448\u0438\u043c\u0438 \u043f\u043e\u0436\u0435\u043b\u0430\u043d\u0438\u044f\u043c\u0438 \u0438 \u043f\u0440\u0435\u0434\u043e\u0441\u0442\u0430\u0432\u0438\u0442\u044c \u0431\u043e\u043b\u0435\u0435 \u043f\u043e\u0434\u0440\u043e\u0431\u043d\u0443\u044e \u0438\u043d\u0444\u043e\u0440\u043c\u0430\u0446\u0438\u044e \u043f\u043e \u0438\u043d\u0442\u0435\u0440\u0435\u0441\u0443\u044e\u0449\u0438\u043c \u0412\u0430\u0441 \u0432\u043e\u043f\u0440\u043e\u0441\u0430\u043c. \u041d\u0430\u043c \u0434\u043e\u0432\u0435\u0440\u044f\u044e\u0442, \u043f\u043e\u0442\u043e\u043c\u0443 \u0447\u0442\u043e:\u043c\u044b \u0440\u0430\u0431\u043e\u0442\u0430\u0435\u043c \u043d\u0430 \u0441\u043e\u0432\u0435\u0441\u0442\u044c \u043c\u044b \u0432\u0441\u0435 \u0434\u0435\u043b\u0430\u0435\u043c \u043a\u0430\u0447\u0435\u0441\u0442\u0432\u0435\u043d\u043d\u043e \u043c\u044b \u0443\u0432\u0430\u0436\u0430\u0435\u043c \u0441\u0432\u043e\u0438\u0445 \u043a\u043b\u0438\u0435\u043d\u0442\u043e\u0432 \u043c\u044b \u0441\u0442\u0430\u0440\u0430\u0435\u043c\u0441\u044f \u043d\u0435 \u043f\u043e\u0434\u043d\u0438\u043c\u0430\u0442\u044c \u0441\u0432\u043e\u0438 \u0446\u0435\u043d\u044b. \u0423\u0441\u043f\u0435\u0445 \u0434\u0435\u044f\u0442\u0435\u043b\u044c\u043d\u043e\u0441\u0442\u0438 \u043d\u0430\u0448\u0435\u0439 \u043a\u043e\u043c\u043f\u0430\u043d\u0438\u0438 \u043e\u043f\u0440\u0435\u0434\u0435\u043b\u044f\u0435\u0442\u0441\u044f \u044d\u043d\u0435\u0440\u0433\u0438\u0447\u043d\u044b\u043c \u0438 \u0441\u043f\u043b\u043e\u0447\u0435\u043d\u043d\u044b\u043c \u043a\u043e\u043b\u043b\u0435\u043a\u0442\u0438\u0432\u043e\u043c \u0440\u0430\u0431\u043e\u0442\u043d\u0438\u043a\u043e\u0432, \u0438\u043c\u0435\u044e\u0449\u0438\u0439 \u0431\u043e\u043b\u044c\u0448\u043e\u0439 \u043f\u0440\u0430\u043a\u0442\u0438\u0447\u0435\u0441\u043a\u0438\u0439 \u043e\u043f\u044b\u0442 \u0432 \u043e\u0431\u043b\u0430\u0441\u0442\u0438 \u0440\u0435\u043c\u043e\u043d\u0442\u0430 \u0430\u0432\u0442\u043e\u043c\u043e\u0431\u0438\u043b\u0435\u0439, \u043e\u043a\u0430\u0437\u0430\u043d\u0438\u044f \u0443\u0441\u043b\u0443\u0433 \u0430\u0432\u0442\u043e\u0441\u0435\u0440\u0432\u0438\u0441\u0430, \u0430 \u0442\u0430\u043a\u0436\u0435 \u0443\u043c\u0435\u043d\u0438\u0435\u043c \u043f\u0440\u0435\u0434\u043b\u043e\u0436\u0438\u0442\u044c \u0437\u0430\u043a\u0430\u0437\u0447\u0438\u043a\u0443 \u043d\u0430\u0438\u0431\u043e\u043b\u0435\u0435 \u0443\u0434\u043e\u0431\u043d\u044b\u0435 \u0438 \u0432\u044b\u0433\u043e\u0434\u043d\u044b\u0435 \u0443\u0441\u043b\u043e\u0432\u0438\u044f. \u041f\u0440\u0438 \u0440\u0430\u0431\u043e\u0442\u0435 \u0441 \u043a\u043b\u0438\u0435\u043d\u0442\u0430\u043c\u0438 \u043d\u0430\u0448\u0430 \u043a\u043e\u043c\u043f\u0430\u043d\u0438\u044f \u0438\u0441\u043f\u043e\u043b\u044c\u0437\u0443\u0435\u0442 \u0438\u043d\u0434\u0438\u0432\u0438\u0434\u0443\u0430\u043b\u044c\u043d\u044b\u0439 \u043f\u043e\u0434\u0445\u043e\u0434, \u0432\u043e\u0437\u043c\u043e\u0436\u043d\u043e\u0441\u0442\u044c \u0432\u044b\u043f\u043e\u043b\u043d\u0435\u043d\u0438\u044f \u043d\u0435\u0441\u0442\u0430\u043d\u0434\u0430\u0440\u0442\u043d\u044b\u0445 \u0437\u0430\u043a\u0430\u0437\u043e\u0432 \u043d\u0430 \u0430\u0432\u0442\u043e\u0441\u0435\u0440\u0432\u0438\u0441, \u0440\u0435\u043c\u043e\u043d\u0442 \u0430\u0432\u0442\u043e\u043c\u043e\u0431\u0438\u043b\u0435\u0439, \u0430 \u0442\u0430\u043a\u0436\u0435 \u043a\u043e\u043c\u043f\u043b\u0435\u043a\u0441 \u0430\u0432\u0442\u043e\u0441\u0435\u0440\u0432\u0438\u0441\u043d\u044b\u0445 \u0443\u0441\u043b\u0443\u0433, \u043d\u0430\u043f\u0440\u0430\u0432\u043b\u0435\u043d\u043d\u044b\u0445 \u043d\u0430 \u0441\u0442\u0430\u043d\u043e\u0432\u043b\u0435\u043d\u0438\u0435, \u0440\u0430\u0441\u0448\u0438\u0440\u0435\u043d\u0438\u0435 \u0438 \u0443\u043a\u0440\u0435\u043f\u043b\u0435\u043d\u0438\u0435 \u043d\u0430\u0448\u0435\u0433\u043e \u0441\u043e\u0442\u0440\u0443\u0434\u043d\u0438\u0447\u0435\u0441\u0442\u0432\u0430. \u041c\u044b \u043d\u0435 \u0441\u0442\u0440\u0435\u043c\u0438\u043c\u0441\u044f \u0441\u043e\u0432\u0435\u0440\u0448\u0438\u0442\u044c \u043e\u0434\u043d\u0443 \u0434\u0432\u0435 \u0432\u044b\u0433\u043e\u0434\u043d\u044b\u0435 \u0434\u043b\u044f \u043d\u0430\u0441 \u0441\u0434\u0435\u043b\u043a\u0438, \u043d\u0435 \u0443\u0447\u0438\u0442\u044b\u0432\u0430\u044e\u0449\u0438\u0435 \u0438\u043d\u0442\u0435\u0440\u0435\u0441\u044b \u043d\u0430\u0448\u0438\u0445 \u043f\u0430\u0440\u0442\u043d\u0435\u0440\u043e\u0432. \u041d\u0430\u0448\u0430 \u0446\u0435\u043b\u044c - \u0434\u043e\u043b\u0433\u043e\u0441\u0440\u043e\u0447\u043d\u043e\u0435 \u0438 \u0432\u0437\u0430\u0438\u043c\u043e\u0432\u044b\u0433\u043e\u0434\u043d\u043e\u0435 \u0441\u043e\u0442\u0440\u0443\u0434\u043d\u0438\u0447\u0435\u0441\u0442\u0432\u043e.", "name": "\u0410\u0432\u0442\u043e \u042d\u043a\u0441\u043f\u0440\u0435\u0441\u0441-\u0441", "telephone": "(383) 286-54-68", "rank": 2.7, "inomarki": true, "russkie": true, "address": "\u0420\u043e\u0441\u0441\u0438\u044f, \u0433. \u041d\u043e\u0432\u043e\u0441\u0438\u0431\u0438\u0440\u0441\u043a \u0443\u043b.\u041c\u0438\u0440\u0430 63\u0410 \u043a\u043e\u0440\u043f\u0443\u0441 13\u0411"}}, {"pk": 1, "model": "autorepair.repair", "fields": {"about": "", "name": "\u043a\u0443\u043b\u0430\u043a \u043f\u043e\u0432\u043e\u0440\u043e\u0442\u043d\u044b\u0439 \u0431\u0435\u0437 \u0440\u0430\u0437\u0431\u043e\u0440\u043a\u0438", "price": 600, "autorepair": 2, "otdel": "\u041f\u043e\u0434\u0432\u0435\u0441\u043a\u0430", "carFamily": 1}}, {"pk": 2, "model": "autorepair.repair", "fields": {"about": "", "name": "\u043a\u0443\u043b\u0430\u043a \u043f\u043e\u0432\u043e\u0440\u043e\u0442\u043d\u044b\u0439 \u0441 \u0440\u0430\u0437\u0431\u043e\u0440\u043a\u043e\u0439", "price": 600, "autorepair": 2, "otdel": "\u041f\u043e\u0434\u0432\u0435\u0441\u043a\u0430", "carFamily": 1}}, {"pk": 3, "model": "autorepair.repair", "fields": {"about": "", "name": "\u0440\u0443\u043b\u0435\u0432\u043e\u0439 \u043d\u0430\u043a\u043e\u043d\u0435\u0447\u043d\u0438\u043a", "price": 600, "autorepair": 2, "otdel": "\u041f\u043e\u0434\u0432\u0435\u0441\u043a\u0430", "carFamily": 1}}, {"pk": 4, "model": "autorepair.repair", "fields": {"about": "", "name": "\u0422\u044f\u0433\u0430 \u0431\u043e\u043a\u043e\u0432\u0430\u044f", "price": 400, "autorepair": 2, "otdel": "\u041f\u043e\u0434\u0432\u0435\u0441\u043a\u0430", "carFamily": 1}}, {"pk": 5, "model": "autorepair.repair", "fields": {"about": "", "name": "\u0422\u044f\u0433\u0430 \u0441\u0440\u0435\u0434\u043d\u044f\u044f", "price": 400, "autorepair": 2, "otdel": "\u041f\u043e\u0434\u0432\u0435\u0441\u043a\u0430", "carFamily": 1}}, {"pk": 6, "model": "autorepair.repair", "fields": {"about": "", "name": "\u0440\u0443\u043b\u0435\u0432\u0430\u044f \u0442\u0440\u0430\u043f\u0435\u0446\u0438\u044f", "price": 1000, "autorepair": 2, "otdel": "\u041f\u043e\u0434\u0432\u0435\u0441\u043a\u0430", "carFamily": 1}}, {"pk": 7, "model": "autorepair.repair", "fields": {"about": "", "name": "\u041c\u0430\u044f\u0442\u043d\u0438\u043a\u043e\u0432\u044b\u0439 \u0440\u044b\u0447\u0430\u0433", "price": 500, "autorepair": 2, "otdel": "\u041f\u043e\u0434\u0432\u0435\u0441\u043a\u0430", "carFamily": 1}}, {"pk": 8, "model": "autorepair.repair", "fields": {"about": "", "name": "\u0440\u0443\u043b\u0435\u0432\u043e\u0439 \u043c\u0435\u0445\u0430\u043d\u0438\u0437\u043c", "price": 1500, "autorepair": 2, "otdel": "\u041f\u043e\u0434\u0432\u0435\u0441\u043a\u0430", "carFamily": 1}}, {"pk": 9, "model": "autorepair.repair", "fields": {"about": "", "name": "\u0448\u0430\u0440\u043e\u0432\u0430\u044f \u043e\u043f\u043e\u0440\u0430", "price": 300, "autorepair": 2, "otdel": "\u041f\u043e\u0434\u0432\u0435\u0441\u043a\u0430", "carFamily": 1}}, {"pk": 10, "model": "autorepair.repair", "fields": {"about": "", "name": "\u043f\u043e\u0434\u0448\u0438\u043f\u043d\u0438\u043a \u043f\u0435\u0440\u0435\u0434. \u0441\u0442\u0443\u043f\u0438\u0446\u044b", "price": 600, "autorepair": 2, "otdel": "\u041f\u043e\u0434\u0432\u0435\u0441\u043a\u0430", "carFamily": 1}}, {"pk": 11, "model": "autorepair.repair", "fields": {"about": "", "name": "\u043f\u043e\u0434\u0448\u0438\u043f\u043d\u0438\u043a \u0437\u0430\u0434\u043d\u0438\u0439", "price": 600, "autorepair": 2, "otdel": "\u041f\u043e\u0434\u0432\u0435\u0441\u043a\u0430", "carFamily": 1}}, {"pk": 12, "model": "autorepair.repair", "fields": {"about": "", "name": "\u0410\u043c\u043e\u0440\u0442\u0438\u0437\u0430\u0442\u043e\u0440 \u043f\u0435\u0440\u0435\u0434\u043d\u0438\u0439 (1)", "price": 500, "autorepair": 2, "otdel": "\u041f\u043e\u0434\u0432\u0435\u0441\u043a\u0430", "carFamily": 1}}, {"pk": 13, "model": "autorepair.repair", "fields": {"about": "", "name": "\u041a\u0430\u0440\u0434\u0430\u043d\u043d\u044b\u0439 \u0432\u0430\u043b \u0432 \u0441\u0431\u043e\u0440\u0435 \u0431\u0435\u0437 \u043c\u0443\u0444\u0442\u044b", "price": 800, "autorepair": 2, "otdel": "\u041a\u0430\u0440\u0434\u0430\u043d\u043d\u044b\u0439 \u0432\u0430\u043b", "carFamily": 1}}, {"pk": 14, "model": "autorepair.repair", "fields": {"about": "", "name": "\u041f\u0435\u0440\u0435\u0434\u043d\u044f\u044f \u043a\u0440\u0435\u0441\u0442\u043e\u0432\u0438\u043d\u0430", "price": 1000, "autorepair": 2, "otdel": "\u041a\u0430\u0440\u0434\u0430\u043d\u043d\u044b\u0439 \u0432\u0430\u043b", "carFamily": 1}}, {"pk": 15, "model": "autorepair.repair", "fields": {"about": "", "name": "\u0417\u0430\u0434\u043d\u044f\u044f \u043a\u0440\u0435\u0441\u0442\u043e\u0432\u0438\u043d\u0430", "price": 500, "autorepair": 2, "otdel": "\u041a\u0430\u0440\u0434\u0430\u043d\u043d\u044b\u0439 \u0432\u0430\u043b", "carFamily": 1}}, {"pk": 16, "model": "autorepair.repair", "fields": {"about": "", "name": "\u041f\u043e\u0434\u0432\u0435\u0441\u043d\u043e\u0439 \u043f\u043e\u0434\u0448\u0438\u043f\u043d\u0438\u043a", "price": 1200, "autorepair": 2, "otdel": "\u041a\u0430\u0440\u0434\u0430\u043d\u043d\u044b\u0439 \u0432\u0430\u043b", "carFamily": 1}}, {"pk": 17, "model": "autorepair.repair", "fields": {"about": "", "name": "\u041c\u0443\u0444\u0442\u0430 \u044d\u043b\u0430\u0441\u0442\u0438\u0447\u043d\u0430\u044f", "price": 1000, "autorepair": 2, "otdel": "\u041a\u0430\u0440\u0434\u0430\u043d\u043d\u044b\u0439 \u0432\u0430\u043b", "carFamily": 1}}, {"pk": 18, "model": "autorepair.repair", "fields": {"about": "", "name": "\u041f\u043e\u0434\u0443\u0448\u043a\u0430 \u043f\u0435\u0440\u0435\u0434\u043d\u044f\u044f", "price": 700, "autorepair": 2, "otdel": "\u041f\u043e\u0434\u0443\u0448\u043a\u0438 \u0434\u0432\u0438\u0433\u0430\u0442\u0435\u043b\u044f", "carFamily": 1}}, {"pk": 19, "model": "autorepair.repair", "fields": {"about": "", "name": "\u041f\u043e\u0434\u0443\u0448\u043a\u0430 \u0437\u0430\u0434\u043d\u044f\u044f", "price": 700, "autorepair": 2, "otdel": "\u041f\u043e\u0434\u0443\u0448\u043a\u0438 \u0434\u0432\u0438\u0433\u0430\u0442\u0435\u043b\u044f", "carFamily": 1}}, {"pk": 20, "model": "autorepair.repair", "fields": {"about": "", "name": "\u041f\u043e\u0434\u0443\u0448\u043a\u0430 \u0431\u043e\u043a\u043e\u0432\u0430\u044f", "price": 700, "autorepair": 2, "otdel": "\u041f\u043e\u0434\u0443\u0448\u043a\u0438 \u0434\u0432\u0438\u0433\u0430\u0442\u0435\u043b\u044f", "carFamily": 1}}, {"pk": 21, "model": "autorepair.repair", "fields": {"about": "", "name": "\u041f\u043e\u0434\u0443\u0448\u043a\u0430 \u043f\u0435\u0440\u0435\u0434\u043d\u044f\u044f", "price": 700, "autorepair": 2, "otdel": "\u041f\u043e\u0434\u0443\u0448\u043a\u0438 \u0434\u0432\u0438\u0433\u0430\u0442\u0435\u043b\u044f", "carFamily": 2}}, {"pk": 22, "model": "autorepair.repair", "fields": {"about": "", "name": "\u041f\u043e\u0434\u0443\u0448\u043a\u0430 \u0437\u0430\u0434\u043d\u044f\u044f", "price": 700, "autorepair": 2, "otdel": "\u041f\u043e\u0434\u0443\u0448\u043a\u0438 \u0434\u0432\u0438\u0433\u0430\u0442\u0435\u043b\u044f", "carFamily": 2}}, {"pk": 23, "model": "autorepair.repair", "fields": {"about": "", "name": "\u041f\u043e\u0434\u0443\u0448\u043a\u0430 \u0431\u043e\u043a\u043e\u0432\u0430\u044f", "price": 700, "autorepair": 2, "otdel": "\u041f\u043e\u0434\u0443\u0448\u043a\u0438 \u0434\u0432\u0438\u0433\u0430\u0442\u0435\u043b\u044f", "carFamily": 2}}, {"pk": 24, "model": "autorepair.repair", "fields": {"about": "", "name": "\u0421\u0446\u0435\u043f\u043b\u0435\u043d\u0438\u0435 \u0432 \u0441\u0431\u043e\u0440\u0435", "price": 2000, "autorepair": 2, "otdel": "\u0421\u0446\u0435\u043f\u043b\u0435\u043d\u0438\u0435", "carFamily": 1}}, {"pk": 25, "model": "autorepair.repair", "fields": {"about": "", "name": "\u0421\u0446\u0435\u043f\u043b\u0435\u043d\u0438\u0435 \u0432 \u0441\u0431\u043e\u0440\u0435", "price": 3500, "autorepair": 2, "otdel": "\u0421\u0446\u0435\u043f\u043b\u0435\u043d\u0438\u0435", "carFamily": 2}}, {"pk": 26, "model": "autorepair.repair", "fields": {"about": "", "name": "\u0413\u043b\u0430\u0432\u043d\u044b\u0439 \u0446\u0438\u043b\u0438\u043d\u0434\u0440", "price": 500, "autorepair": 2, "otdel": "\u0421\u0446\u0435\u043f\u043b\u0435\u043d\u0438\u0435", "carFamily": 1}}, {"pk": 27, "model": "autorepair.repair", "fields": {"about": "", "name": "\u0420\u0430\u0431\u043e\u0447\u0438\u0439 \u0446\u0438\u043b\u0438\u043d\u0434\u0440", "price": 500, "autorepair": 2, "otdel": "\u0421\u0446\u0435\u043f\u043b\u0435\u043d\u0438\u0435", "carFamily": 1}}, {"pk": 28, "model": "autorepair.repair", "fields": {"about": "", "name": "\u0422\u0440\u043e\u0441", "price": 300, "autorepair": 2, "otdel": "\u0421\u0446\u0435\u043f\u043b\u0435\u043d\u0438\u0435", "carFamily": 1}}, {"pk": 29, "model": "autorepair.repair", "fields": {"about": "", "name": "\u0420\u0435\u0433\u0443\u043b\u0438\u0440\u043e\u0432\u043a\u0430", "price": 200, "autorepair": 2, "otdel": "\u0421\u0446\u0435\u043f\u043b\u0435\u043d\u0438\u0435", "carFamily": 1}}, {"pk": 30, "model": "autorepair.repair", "fields": {"about": "", "name": "\u0412\u0438\u043b\u043a\u0430 \u0441\u0446\u0435\u043f\u043b\u0435\u043d\u0438\u044f", "price": 2000, "autorepair": 2, "otdel": "\u0421\u0446\u0435\u043f\u043b\u0435\u043d\u0438\u0435", "carFamily": 1}}, {"pk": 31, "model": "autorepair.repair", "fields": {"about": "", "name": "\u0412\u0438\u043b\u043a\u0430 \u0441\u0446\u0435\u043f\u043b\u0435\u043d\u0438\u044f", "price": 3500, "autorepair": 2, "otdel": "\u0421\u0446\u0435\u043f\u043b\u0435\u043d\u0438\u0435", "carFamily": 2}}, {"pk": 32, "model": "autorepair.repair", "fields": {"about": "", "name": "\u041a\u041f\u041f-\u0441\u043d\u044f\u0442\u044c-\u043f\u043e\u0441\u0442\u0430\u0432\u0438\u0442\u044c", "price": 2000, "autorepair": 2, "otdel": "\u0421\u0446\u0435\u043f\u043b\u0435\u043d\u0438\u0435", "carFamily": 1}}, {"pk": 33, "model": "autorepair.repair", "fields": {"about": "", "name": "\u041a\u041f\u041f-\u0441\u043d\u044f\u0442\u044c-\u043f\u043e\u0441\u0442\u0430\u0432\u0438\u0442\u044c", "price": 3500, "autorepair": 2, "otdel": "\u0421\u0446\u0435\u043f\u043b\u0435\u043d\u0438\u0435", "carFamily": 2}}, {"pk": 34, "model": "autorepair.repair", "fields": {"about": "", "name": "\u041f\u0435\u0440\u0435\u0434\u043d\u0438\u0435 \u043a\u043e\u043b\u043e\u0434\u043a\u0438", "price": 500, "autorepair": 2, "otdel": "\u0422\u043e\u0440\u043c\u043e\u0437\u0430", "carFamily": 1}}, {"pk": 35, "model": "autorepair.repair", "fields": {"about": "", "name": "\u041f\u0435\u0440\u0435\u0434\u043d\u0438\u0435 \u043a\u043e\u043b\u043e\u0434\u043a\u0438", "price": 600, "autorepair": 2, "otdel": "\u0422\u043e\u0440\u043c\u043e\u0437\u0430", "carFamily": 2}}, {"pk": 36, "model": "autorepair.repair", "fields": {"about": "", "name": "\u0417\u0430\u0434\u043d\u0438\u0435 \u043a\u043e\u043b\u043e\u0434\u043a\u0438", "price": 800, "autorepair": 2, "otdel": "\u0422\u043e\u0440\u043c\u043e\u0437\u0430", "carFamily": 1}}, {"pk": 37, "model": "autorepair.repair", "fields": {"about": "", "name": "\u0417\u0430\u0434\u043d\u0438\u0435 \u043a\u043e\u043b\u043e\u0434\u043a\u0438", "price": 800, "autorepair": 2, "otdel": "\u0422\u043e\u0440\u043c\u043e\u0437\u0430", "carFamily": 2}}, {"pk": 38, "model": "autorepair.repair", "fields": {"about": "", "name": "\u0422\u043e\u0440\u043c\u043e\u0437\u043d\u043e\u0439 \u0448\u043b\u0430\u043d\u0433", "price": 400, "autorepair": 2, "otdel": "\u0422\u043e\u0440\u043c\u043e\u0437\u0430", "carFamily": 1}}, {"pk": 39, "model": "autorepair.repair", "fields": {"about": "", "name": "\u0422\u043e\u0440\u043c\u043e\u0437\u043d\u043e\u0439 \u0448\u043b\u0430\u043d\u0433", "price": 400, "autorepair": 2, "otdel": "\u0422\u043e\u0440\u043c\u043e\u0437\u0430", "carFamily": 2}}, {"pk": 40, "model": "autorepair.repair", "fields": {"about": "", "name": "\u0422\u0440\u043e\u0441 \u0440\u0443\u0447\u043d\u0438\u043a\u0430", "price": 400, "autorepair": 2, "otdel": "\u0422\u043e\u0440\u043c\u043e\u0437\u0430", "carFamily": 1}}, {"pk": 41, "model": "autorepair.repair", "fields": {"about": "", "name": "\u0422\u0440\u043e\u0441 \u0440\u0443\u0447\u043d\u0438\u043a\u0430", "price": 400, "autorepair": 2, "otdel": "\u0422\u043e\u0440\u043c\u043e\u0437\u0430", "carFamily": 2}}, {"pk": 42, "model": "autorepair.repair", "fields": {"about": "", "name": "\u041f\u043e\u043b\u043d\u0430\u044f \u043f\u0435\u0440\u0435\u0431\u043e\u0440\u043a\u0430 \u0441\u043e \u0441\u043d\u044f\u0442\u0438\u0435\u043c", "price": 15000, "autorepair": 2, "otdel": "\u0414\u0432\u0438\u0433\u0430\u0442\u0435\u043b\u044c", "carFamily": 1}}, {"pk": 43, "model": "autorepair.repair", "fields": {"about": "", "name": "\u041f\u043e\u043b\u043d\u0430\u044f \u043f\u0435\u0440\u0435\u0431\u043e\u0440\u043a\u0430 \u0441\u043e \u0441\u043d\u044f\u0442\u0438\u0435\u043c", "price": 15000, "autorepair": 2, "otdel": "\u0414\u0432\u0438\u0433\u0430\u0442\u0435\u043b\u044c", "carFamily": 2}}, {"pk": 44, "model": "autorepair.repair", "fields": {"about": "", "name": "\u041f\u0413\u0411-\u0437\u0430\u043c\u0435\u043d\u0430", "price": 2500, "autorepair": 2, "otdel": "\u0414\u0432\u0438\u0433\u0430\u0442\u0435\u043b\u044c", "carFamily": 1}}, {"pk": 45, "model": "autorepair.repair", "fields": {"about": "", "name": "\u041f\u0413\u0411-\u0437\u0430\u043c\u0435\u043d\u0430", "price": 4000, "autorepair": 2, "otdel": "\u0414\u0432\u0438\u0433\u0430\u0442\u0435\u043b\u044c", "carFamily": 2}}, {"pk": 46, "model": "autorepair.repair", "fields": {"about": "", "name": "\u0417\u0430\u043c\u0435\u043d\u0430 \u0442\u0435\u0440\u043c\u043e\u0441\u0442\u0430\u0442\u0430", "price": 500, "autorepair": 2, "otdel": "\u0414\u0432\u0438\u0433\u0430\u0442\u0435\u043b\u044c", "carFamily": 1}}, {"pk": 47, "model": "autorepair.repair", "fields": {"about": "", "name": "\u0417\u0430\u043c\u0435\u043d\u0430 \u0442\u0435\u0440\u043c\u043e\u0441\u0442\u0430\u0442\u0430", "price": 1700, "autorepair": 2, "otdel": "\u0414\u0432\u0438\u0433\u0430\u0442\u0435\u043b\u044c", "carFamily": 2}}, {"pk": 17, "model": "autorepair.defect", "fields": {"text": "\u0410\u043a\u043a\u0443\u043c\u0443\u043b\u044f\u0442\u043e\u0440\u043d\u0430\u044f \u0431\u0430\u0442\u0430\u0440\u0435\u044f \u043d\u0435 \u0437\u0430\u0440\u044f\u0436\u0430\u0435\u0442\u0441\u044f"}}, {"pk": 6, "model": "autorepair.defect", "fields": {"text": "\u0414\u0432\u0438\u0433\u0430\u0442\u0435\u043b\u044c \u0437\u0430\u043f\u0443\u0441\u043a\u0430\u0435\u0442\u0441\u044f, \u043d\u043e \u0441\u0440\u0430\u0437\u0443 \u0436\u0435 \u043e\u0441\u0442\u0430\u043d\u0430\u0432\u043b\u0438\u0432\u0430\u0435\u0442\u0441\u044f"}}, {"pk": 11, "model": "autorepair.defect", "fields": {"text": "\u0414\u0432\u0438\u0433\u0430\u0442\u0435\u043b\u044c \u043d\u0435 \u0440\u0430\u0437\u0432\u0438\u0432\u0430\u0435\u0442 \u043f\u043e\u043b\u043d\u0443\u044e \u043c\u043e\u0449\u043d\u043e\u0441\u0442\u044c"}}, {"pk": 4, "model": "autorepair.defect", "fields": {"text": "\u0417\u0430\u0442\u0440\u0443\u0434\u043d\u0435\u043d \u0437\u0430\u043f\u0443\u0441\u043a \u043f\u0440\u043e\u0433\u0440\u0435\u0442\u043e\u0433\u043e \u0434\u0432\u0438\u0433\u0430\u0442\u0435\u043b\u044f"}}, {"pk": 3, "model": "autorepair.defect", "fields": {"text": "\u0417\u0430\u0442\u0440\u0443\u0434\u043d\u0435\u043d \u0437\u0430\u043f\u0443\u0441\u043a \u0445\u043e\u043b\u043e\u0434\u043d\u043e\u0433\u043e \u0434\u0432\u0438\u0433\u0430\u0442\u0435\u043b\u044f"}}, {"pk": 13, "model": "autorepair.defect", "fields": {"text": "\u041a\u0430\u043b\u0438\u043b\u044c\u043d\u043e\u0435 \u0437\u0430\u0436\u0438\u0433\u0430\u043d\u0438\u0435 (\u0434\u0432\u0438\u0433\u0430\u0442\u0435\u043b\u044c \u043f\u0440\u043e\u0434\u043e\u043b\u0436\u0430\u0435\u0442 \u043d\u0435\u043a\u043e\u0442\u043e\u0440\u043e\u0435 \u0432\u0440\u0435\u043c\u044f \u0440\u0430\u0431\u043e\u0442\u0430\u0442\u044c \u043f\u043e\u0441\u043b\u0435 \u0432\u044b\u043a\u043b\u044e\u0447\u0435\u043d\u0438\u044f \u0437\u0430\u0436\u0438\u0433\u0430\u043d\u0438\u044f) "}}, {"pk": 2, "model": "autorepair.defect", "fields": {"text": "\u041a\u043e\u043b\u0435\u043d\u0447\u0430\u0442\u044b\u0439 \u0432\u0430\u043b \u0432\u0440\u0430\u0449\u0430\u0435\u0442\u0441\u044f, \u043d\u043e \u0434\u0432\u0438\u0433\u0430\u0442\u0435\u043b\u044c \u043d\u0435 \u0437\u0430\u043f\u0443\u0441\u043a\u0430\u0435\u0442\u0441\u044f "}}, {"pk": 18, "model": "autorepair.defect", "fields": {"text": "\u041a\u043e\u043d\u0442\u0440\u043e\u043b\u044c\u043d\u0430\u044f \u043b\u0430\u043c\u043f\u0430 \u0437\u0430\u0440\u044f\u0434\u0430 \u0430\u043a\u043a\u0443\u043c\u0443\u043b\u044f\u0442\u043e\u0440\u043d\u043e\u0439 \u0431\u0430\u0442\u0430\u0440\u0435\u0438 \u043d\u0435 \u0433\u0430\u0441\u043d\u0435\u0442 \u043f\u043e\u0441\u043b\u0435 \u0437\u0430\u043f\u0443\u0441\u043a\u0430 \u0434\u0432\u0438\u0433\u0430\u0442\u0435\u043b\u044f"}}, {"pk": 19, "model": "autorepair.defect", "fields": {"text": "\u041a\u043e\u043d\u0442\u0440\u043e\u043b\u044c\u043d\u0430\u044f \u043b\u0430\u043c\u043f\u0430 \u0437\u0430\u0440\u044f\u0434\u0430 \u0430\u043a\u043a\u0443\u043c\u0443\u043b\u044f\u0442\u043e\u0440\u043d\u043e\u0439 \u0431\u0430\u0442\u0430\u0440\u0435\u0438 \u043d\u0435 \u0437\u0430\u0433\u043e\u0440\u0430\u0435\u0442\u0441\u044f \u043f\u0440\u0438 \u0432\u043a\u043b\u044e\u0447\u0435\u043d\u0438\u0438 \u0437\u0430\u0436\u0438\u0433\u0430\u043d\u0438\u044f "}}, {"pk": 8, "model": "autorepair.defect", "fields": {"text": "\u041e\u0431\u043e\u0440\u043e\u0442\u044b \u0434\u0432\u0438\u0433\u0430\u0442\u0435\u043b\u044f \u043d\u0430 \u0445\u043e\u043b\u043e\u0441\u0442\u043e\u043c \u0445\u043e\u0434\u0443 \u0442\u043e \u043f\u043e\u043d\u0438\u0436\u0430\u044e\u0442\u0441\u044f, \u0442\u043e \u0432\u043e\u0437\u0440\u0430\u0441\u0442\u0430\u044e\u0442"}}, {"pk": 16, "model": "autorepair.defect", "fields": {"text": "\u041f\u0435\u0440\u0435\u0433\u0440\u0435\u0432 \u0434\u0432\u0438\u0433\u0430\u0442\u0435\u043b\u044f"}}, {"pk": 14, "model": "autorepair.defect", "fields": {"text": "\u041f\u043e\u0432\u044b\u0448\u0435\u043d\u043d\u044b\u0439 \u0440\u0430\u0441\u0445\u043e\u0434 \u0442\u043e\u043f\u043b\u0438\u0432\u0430 "}}, {"pk": 7, "model": "autorepair.defect", "fields": {"text": "\u041f\u043e\u0434 \u0434\u0432\u0438\u0433\u0430\u0442\u0435\u043b\u0435\u043c \u043f\u043e\u044f\u0432\u043b\u044f\u044e\u0442\u0441\u044f \u043f\u044f\u0442\u043d\u0430 \u043c\u0430\u0441\u043b\u0430"}}, {"pk": 1, "model": "autorepair.defect", "fields": {"text": "\u041f\u0440\u0438 \u043f\u043e\u043f\u044b\u0442\u043a\u0435 \u0437\u0430\u043f\u0443\u0441\u043a\u0430 \u0434\u0432\u0438\u0433\u0430\u0442\u0435\u043b\u044f \u043a\u043e\u043b\u0435\u043d\u0447\u0430\u0442\u044b\u0439 \u0432\u0430\u043b \u043d\u0435 \u0432\u0440\u0430\u0449\u0430\u0435\u0442\u0441\u044f"}}, {"pk": 12, "model": "autorepair.defect", "fields": {"text": "\u041f\u0440\u0438 \u0440\u0430\u0431\u043e\u0442\u0435 \u0434\u0432\u0438\u0433\u0430\u0442\u0435\u043b\u044f \u0437\u0430\u0433\u043e\u0440\u0430\u0435\u0442\u0441\u044f \u043a\u043e\u043d\u0442\u0440\u043e\u043b\u044c\u043d\u0430\u044f \u043b\u0430\u043c\u043f\u0430 \u0430\u0432\u0430\u0440\u0438\u0439\u043d\u043e\u0433\u043e \u0434\u0430\u0432\u043b\u0435\u043d\u0438\u044f \u043c\u0430\u0441\u043b\u0430"}}, {"pk": 9, "model": "autorepair.defect", "fields": {"text": "\u041f\u0440\u043e\u043f\u0443\u0441\u043a\u0438 \u0437\u0430\u0436\u0438\u0433\u0430\u043d\u0438\u044f \u043d\u0430 \u0445\u043e\u043b\u043e\u0441\u0442\u043e\u043c \u0445\u043e\u0434\u0443"}}, {"pk": 10, "model": "autorepair.defect", "fields": {"text": "\u041f\u0440\u043e\u043f\u0443\u0441\u043a\u0438 \u0437\u0430\u0436\u0438\u0433\u0430\u043d\u0438\u044f \u043f\u0440\u0438 \u0440\u0430\u0431\u043e\u0442\u0435 \u0434\u0432\u0438\u0433\u0430\u0442\u0435\u043b\u044f \u043f\u043e\u0434 \u043d\u0430\u0433\u0440\u0443\u0437\u043a\u043e\u0439 (\u043f\u0440\u0438 \u0434\u0432\u0438\u0436\u0435\u043d\u0438\u0438 \u0430\u0432\u0442\u043e\u043c\u043e\u0431\u0438\u043b\u044f)"}}, {"pk": 5, "model": "autorepair.defect", "fields": {"text": "\u0421\u0442\u0430\u0440\u0442\u0435\u0440 \u0440\u0430\u0431\u043e\u0442\u0430\u0435\u0442 \u0441 \u0441\u0438\u043b\u044c\u043d\u044b\u043c \u0448\u0443\u043c\u043e\u043c (\u0441\u043a\u0440\u0435\u0436\u0435\u0442\u043e\u043c)"}}, {"pk": 20, "model": "autorepair.defect", "fields": {"text": "\u0421\u0446\u0435\u043f\u043b\u0435\u043d\u0438\u0435 \u043f\u0440\u043e\u0431\u0443\u043a\u0441\u043e\u0432\u044b\u0432\u0430\u0435\u0442 (\u043e\u0431\u043e\u0440\u043e\u0442\u044b \u0434\u0432\u0438\u0433\u0430\u0442\u0435\u043b\u044f \u0432\u043e\u0437\u0440\u0430\u0441\u0442\u0430\u044e\u0442, \u043d\u043e \u0430\u0432\u0442\u043e\u043c\u043e\u0431\u0438\u043b\u044c \u043d\u0435 \u0440\u0430\u0437\u0433\u043e\u043d\u044f\u0435\u0442\u0441\u044f)"}}, {"pk": 15, "model": "autorepair.defect", "fields": {"text": "\u0423\u0442\u0435\u0447\u043a\u0438 \u0442\u043e\u043f\u043b\u0438\u0432\u0430 \u0438/\u0438\u043b\u0438 \u043f\u043e\u044f\u0432\u043b\u0435\u043d\u0438\u0435 \u0437\u0430\u043f\u0430\u0445\u0430 \u0431\u0435\u043d\u0437\u0438\u043d\u0430"}}, {"pk": 1, "model": "autorepair.defectreason", "fields": {"text": "\u041d\u0435\u0434\u043e\u0441\u0442\u0430\u0442\u043e\u0447\u043d\u043e \u0437\u0430\u0442\u044f\u043d\u0443\u0442\u044b \u0438\u043b\u0438 \u043e\u043a\u0438\u0441\u043b\u0435\u043d\u044b \u043a\u043b\u0435\u043c\u043c\u044b \u043d\u0430 \u0432\u044b\u0432\u043e\u0434\u0430\u0445 \u0430\u043a\u043a\u0443\u043c\u0443\u043b\u044f\u0442\u043e\u0440\u043d\u043e\u0439 \u0431\u0430\u0442\u0430\u0440\u0435\u0438", "carPart": 1, "defect": 1}}, {"pk": 2, "model": "autorepair.defectreason", "fields": {"text": "\u0410\u043a\u043a\u0443\u043c\u0443\u043b\u044f\u0442\u043e\u0440\u043d\u0430\u044f \u0431\u0430\u0442\u0430\u0440\u0435\u044f \u0440\u0430\u0437\u0440\u044f\u0436\u0435\u043d\u0430 \u0438\u043b\u0438 \u043d\u0435\u0438\u0441\u043f\u0440\u0430\u0432\u043d\u0430", "carPart": 1, "defect": 1}}, {"pk": 3, "model": "autorepair.defectreason", "fields": {"text": "\u041d\u0435\u0438\u0441\u043f\u0440\u0430\u0432\u043d\u0430 \u044d\u043b\u0435\u043a\u0442\u0440\u0438\u0447\u0435\u0441\u043a\u0430\u044f \u0446\u0435\u043f\u044c \u0441\u0442\u0430\u0440\u0442\u0435\u0440\u0430", "carPart": 2, "defect": 1}}, {"pk": 4, "model": "autorepair.defectreason", "fields": {"text": "\u041d\u0435\u0438\u0441\u043f\u0440\u0430\u0432\u043d\u044b \u0434\u0435\u0442\u0430\u043b\u0438 \u043f\u0440\u0438\u0432\u043e\u0434\u0430 \u0441\u0442\u0430\u0440\u0442\u0435\u0440\u0430", "carPart": 2, "defect": 1}}, {"pk": 5, "model": "autorepair.defectreason", "fields": {"text": "\u041d\u0435\u0438\u0441\u043f\u0440\u0430\u0432\u043d\u043e \u0442\u044f\u0433\u043e\u0432\u043e\u0435 \u0440\u0435\u043b\u0435 \u0441\u0442\u0430\u0440\u0442\u0435\u0440\u0430", "carPart": 2, "defect": 1}}, {"pk": 6, "model": "autorepair.defectreason", "fields": {"text": "\u041d\u0435\u0438\u0441\u043f\u0440\u0430\u0432\u0435\u043d \u044d\u043b\u0435\u043a\u0442\u0440\u043e\u0434\u0432\u0438\u0433\u0430\u0442\u0435\u043b\u044c", "carPart": 2, "defect": 1}}, {"pk": 7, "model": "autorepair.defectreason", "fields": {"text": "\u041d\u0435\u0438\u0441\u043f\u0440\u0430\u0432\u0435\u043d \u0432\u044b\u043a\u043b\u044e\u0447\u0430\u0442\u0435\u043b\u044c (\u0437\u0430\u043c\u043e\u043a) \u0437\u0430\u0436\u0438\u0433\u0430\u043d\u0438\u044f", "carPart": 3, "defect": 1}}, {"pk": 8, "model": "autorepair.defectreason", "fields": {"text": "\u041f\u043e\u0432\u0440\u0435\u0436\u0434\u0435\u043d \u0438\u043b\u0438 \u0438\u0437\u043d\u043e\u0448\u0435\u043d \u0437\u0443\u0431\u0447\u0430\u0442\u044b\u0439 \u0432\u0435\u043d\u0435\u0446 \u043c\u0430\u0445\u043e\u0432\u0438\u043a\u0430", "carPart": 4, "defect": 1}}, {"pk": 9, "model": "autorepair.defectreason", "fields": {"text": "\u041e\u0442\u0441\u0443\u0442\u0441\u0442\u0432\u0443\u0435\u0442 \u0442\u043e\u043f\u043b\u0438\u0432\u043e \u0432 \u0431\u0430\u043a\u0435 (\u0437\u0430\u043b\u0435\u0439\u0442\u0435 \u0442\u043e\u043f\u043b\u0438\u0432\u043e \u0432 \u0431\u0430\u043a)", "carPart": 5, "defect": 2}}, {"pk": 10, "model": "autorepair.defectreason", "fields": {"text": "\u041a\u043e\u043b\u0435\u043d\u0447\u0430\u0442\u044b\u0439 \u0432\u0430\u043b \u0432\u0440\u0430\u0449\u0430\u0435\u0442\u0441\u044f \u043d\u0435\u0434\u043e\u0441\u0442\u0430\u0442\u043e\u0447\u043d\u043e \u0431\u044b\u0441\u0442\u0440\u043e \u0434\u043b\u044f \u0437\u0430\u043f\u0443\u0441\u043a\u0430 \u0434\u0432\u0438\u0433\u0430\u0442\u0435\u043b\u044f \u0438\u0437-\u0437\u0430 \u043d\u0438\u0437\u043a\u043e\u0439 \u0437\u0430\u0440\u044f\u0436\u0435\u043d\u043d\u043e\u0441\u0442\u0438 \u0430\u043a\u043a\u0443\u043c\u0443\u043b\u044f\u0442\u043e\u0440\u043d\u043e\u0439 \u0431\u0430\u0442\u0430\u0440\u0435\u0438", "carPart": 1, "defect": 2}}, {"pk": 11, "model": "autorepair.defectreason", "fields": {"text": "\u041d\u0435\u0434\u043e\u0441\u0442\u0430\u0442\u043e\u0447\u043d\u043e \u0437\u0430\u0442\u044f\u043d\u0443\u0442\u044b \u0438\u043b\u0438 \u043e\u043a\u0438\u0441\u043b\u0435\u043d\u044b \u043a\u043b\u0435\u043c\u043c\u044b \u043d\u0430 \u0432\u044b\u0432\u043e\u0434\u0430\u0445 \u0430\u043a\u043a\u0443\u043c\u0443\u043b\u044f\u0442\u043e\u0440\u043d\u043e\u0439 \u0431\u0430\u0442\u0430\u0440\u0435\u0438", "carPart": 1, "defect": 2}}, {"pk": 12, "model": "autorepair.defectreason", "fields": {"text": "\u041d\u0435\u0433\u0435\u0440\u043c\u0435\u0442\u0438\u0447\u043d\u043e\u0441\u0442\u044c \u0434\u0435\u0442\u0430\u043b\u0435\u0439 \u0441\u0438\u0441\u0442\u0435\u043c\u044b \u043f\u0438\u0442\u0430\u043d\u0438\u044f, \u043d\u0435\u0438\u0441\u043f\u0440\u0430\u0432\u0435\u043d \u0442\u043e\u043f\u043b\u0438\u0432\u043d\u044b\u0439 \u043c\u043e\u0434\u0443\u043b\u044c \u0438\u043b\u0438 \u0440\u0435\u0433\u0443\u043b\u044f\u0442\u043e\u0440 \u0434\u0430\u0432\u043b\u0435\u043d\u0438\u044f \u0442\u043e\u043f\u043b\u0438\u0432\u0430", "carPart": 5, "defect": 2}}, {"pk": 13, "model": "autorepair.defectreason", "fields": {"text": "\u041e\u0431\u043e\u0440\u0432\u0430\u043d \u0440\u0435\u043c\u0435\u043d\u044c \u043f\u0440\u0438\u0432\u043e\u0434\u0430 \u0433\u0430\u0437\u043e\u0440\u0430\u0441\u043f\u0440\u0435\u0434\u0435\u043b\u0438\u0442\u0435\u043b\u044c\u043d\u043e\u0433\u043e \u043c\u0435\u0445\u0430\u043d\u0438\u0437\u043c\u0430", "carPart": 6, "defect": 2}}, {"pk": 14, "model": "autorepair.defectreason", "fields": {"text": "\u041d\u0435\u0438\u0441\u043f\u0440\u0430\u0432\u043d\u0430 \u0441\u0438\u0441\u0442\u0435\u043c\u0430 \u0443\u043f\u0440\u0430\u0432\u043b\u0435\u043d\u0438\u044f \u0434\u0432\u0438\u0433\u0430\u0442\u0435\u043b\u0435\u043c", "carPart": 7, "defect": 2}}, {"pk": 15, "model": "autorepair.defectreason", "fields": {"text": "\u041d\u0435\u0438\u0441\u043f\u0440\u0430\u0432\u043d\u0430 \u044d\u043b\u0435\u043a\u0442\u0440\u0438\u0447\u0435\u0441\u043a\u0430\u044f \u0446\u0435\u043f\u044c \u043a\u0430\u0442\u0443\u0448\u043a\u0438 (\u043c\u043e\u0434\u0443\u043b\u044f) \u0437\u0430\u0436\u0438\u0433\u0430\u043d\u0438\u044f", "carPart": 8, "defect": 2}}, {"pk": 16, "model": "autorepair.defectreason", "fields": {"text": "\u041d\u0435\u0438\u0441\u043f\u0440\u0430\u0432\u0435\u043d \u0434\u0430\u0442\u0447\u0438\u043a \u043f\u043e\u043b\u043e\u0436\u0435\u043d\u0438\u044f \u043a\u043e\u043b\u0435\u043d\u0447\u0430\u0442\u043e\u0433\u043e \u0432\u0430\u043b\u0430 \u0438\u043b\u0438 \u0435\u0433\u043e \u044d\u043b\u0435\u043a\u0442\u0440\u0438\u0447\u0435\u0441\u043a\u0430\u044f \u0446\u0435\u043f\u044c", "carPart": 9, "defect": 2}}]
